{
    "version": "0.0.0",
    "onshore_stable_idealized": {
        "boundaryLayerHeight_m": 306.2,
        "lapseRate_K_per_100m": 0.0054,
        "deltaThetaAcrossInversionLayer_K": 0.65,
        "heightInversionLayer_m": 945.3,
        "z": [
            10.0,
            20.0,
            30.0,
            40.0,
            50.0,
            60.0,
            70.0,
            80.0,
            90.0,
            100.0,
            110.0,
            120.0,
            130.0,
            140.0,
            150.0,
            160.0,
            170.0,
            180.0,
            190.0,
            200.0,
            220.0,
            240.0,
            260.0,
            280.0,
            300.0,
            320.0,
            340.0,
            360.0,
            380.0,
            400.0,
            420.0,
            440.0,
            460.0,
            480.0,
            500.0,
            550.0,
            600.0,
            650.0,
            700.0,
            750.0,
            800.0,
            850.0,
            900.0,
            950.0
        ],
        "dvdz": [
            0.08668,
            0.06141,
            0.03133,
            0.03789,
            0.03135,
            0.02934,
            0.02817,
            0.02726,
            0.02648,
            0.02565,
            0.02474,
            0.02463,
            0.02464,
            0.02459,
            0.02464,
            0.02458,
            0.02431,
            0.02382,
            0.02287,
            0.02159,
            0.0172,
            0.00945,
            -0.00344,
            -0.00654,
            -0.00714,
            -0.00731,
            -0.00453,
            -0.00424,
            -0.00375,
            -0.00282,
            -0.00185,
            -0.00108,
            -0.00056,
            -0.00027,
            -0.00012,
            -2e-05,
            -0.0,
            0.0,
            0.0,
            -0.0,
            0.0,
            -0.0,
            -0.0,
            0.0
        ],
        "vmag": [
            4.73,
            5.38,
            5.86,
            6.19,
            6.51,
            6.81,
            7.09,
            7.37,
            7.64,
            7.9,
            8.15,
            8.4,
            8.64,
            8.89,
            9.14,
            9.38,
            9.63,
            9.87,
            10.1,
            10.33,
            10.72,
            11.0,
            11.08,
            10.92,
            10.74,
            10.56,
            10.47,
            10.38,
            10.3,
            10.23,
            10.19,
            10.16,
            10.14,
            10.14,
            10.13,
            10.13,
            10.13,
            10.13,
            10.13,
            10.13,
            10.13,
            10.13,
            10.13,
            10.13
        ],
        "ti": [
            0.1111,
            0.0913,
            0.0801,
            0.0734,
            0.0677,
            0.0626,
            0.0578,
            0.0533,
            0.0492,
            0.0455,
            0.0424,
            0.0398,
            0.0373,
            0.035,
            0.0328,
            0.0307,
            0.0286,
            0.0267,
            0.0249,
            0.0232,
            0.0202,
            0.0184,
            0.0176,
            0.0176,
            0.0177,
            0.0184,
            0.0187,
            0.0187,
            0.0187,
            0.0189,
            0.0191,
            0.0191,
            0.0191,
            0.019,
            0.019,
            0.0189,
            0.0184,
            0.0182,
            0.0184,
            0.0186,
            0.0188,
            0.0192,
            0.0195,
            0.0197
        ]
    },
    "onshore_unstable_idealized": {
        "boundaryLayerHeight_m": 428.3,
        "lapseRate_K_per_100m": 0.0059,
        "deltaThetaAcrossInversionLayer_K": 9.35,
        "heightInversionLayer_m": 510.2,
        "z": [
            10.0,
            20.0,
            30.0,
            40.0,
            50.0,
            60.0,
            70.0,
            80.0,
            90.0,
            100.0,
            110.0,
            120.0,
            130.0,
            140.0,
            150.0,
            160.0,
            170.0,
            180.0,
            190.0,
            200.0,
            220.0,
            240.0,
            260.0,
            280.0,
            300.0,
            320.0,
            340.0,
            360.0,
            380.0,
            400.0,
            420.0,
            440.0,
            460.0,
            480.0,
            500.0,
            550.0,
            600.0,
            650.0,
            700.0,
            750.0,
            800.0,
            850.0,
            900.0,
            950.0
        ],
        "dvdz": [
            0.06122,
            0.03665,
            0.01428,
            0.01628,
            0.01146,
            0.0094,
            0.00809,
            0.00716,
            0.00644,
            0.00589,
            0.00545,
            0.00511,
            0.00484,
            0.00464,
            0.0045,
            0.00442,
            0.00441,
            0.00446,
            0.00456,
            0.00469,
            0.00505,
            0.00549,
            0.00611,
            0.0026,
            0.00367,
            0.00767,
            0.00578,
            0.00525,
            0.00468,
            0.00418,
            0.00404,
            0.00408,
            0.0038,
            0.00295,
            0.00171,
            -0.0016,
            -0.00313,
            -0.00287,
            -0.00209,
            -0.00042,
            -0.00047,
            -0.00029,
            -0.00015,
            -5e-05
        ],
        "vmag": [
            5.02,
            5.44,
            5.7,
            5.84,
            5.96,
            6.06,
            6.15,
            6.22,
            6.29,
            6.35,
            6.41,
            6.46,
            6.51,
            6.56,
            6.6,
            6.65,
            6.69,
            6.74,
            6.78,
            6.83,
            6.92,
            7.03,
            7.14,
            7.28,
            7.37,
            7.52,
            7.63,
            7.74,
            7.84,
            7.93,
            8.01,
            8.09,
            8.18,
            8.25,
            8.29,
            8.29,
            8.16,
            8.0,
            7.89,
            7.82,
            7.78,
            7.76,
            7.75,
            7.74
        ],
        "ti": [
            0.0966,
            0.0869,
            0.0822,
            0.0798,
            0.0777,
            0.0759,
            0.0743,
            0.0728,
            0.0714,
            0.0701,
            0.0688,
            0.0675,
            0.0663,
            0.065,
            0.0637,
            0.0623,
            0.0609,
            0.0593,
            0.0578,
            0.0562,
            0.053,
            0.0499,
            0.047,
            0.0441,
            0.0428,
            0.041,
            0.0399,
            0.0387,
            0.0376,
            0.0363,
            0.0343,
            0.0306,
            0.027,
            0.0243,
            0.0222,
            0.0192,
            0.0178,
            0.0174,
            0.0173,
            0.0177,
            0.0183,
            0.0187,
            0.0194,
            0.0204
        ]
    }
}